<?xml version="1.0" encoding="UTF-8"?>
<beans xmlns="http://www.springframework.org/schema/beans"
    xmlns:mvc="http://www.springframework.org/schema/mvc"
    xmlns:context="http://www.springframework.org/schema/context"
    xmlns:xsi="http://www.w3.org/2001/XMLSchema-instance"
    xsi:schemaLocation="
        http://www.springframework.org/schema/beans
        https://www.springframework.org/schema/beans/spring-beans.xsd
        http://www.springframework.org/schema/mvc
        https://www.springframework.org/schema/mvc/spring-mvc.xsd
        http://www.springframework.org/schema/context
        https://www.springframework.org/schema/context/spring-context.xsd">

    <!-- Enables the Spring MVC @Controller programming model -->
    <mvc:annotation-driven />

    <!-- Default Servlet -->
    <mvc:default-servlet-handler />

    <!-- Static Resources -->
    <mvc:resources mapping="/resources/**" location="/public/" cache-period="#{60 * 60}" />

    <!-- View Technologies -->
    <mvc:view-resolvers>
        <mvc:jsp prefix="/WEB-INF/views/" />
    </mvc:view-resolvers>

    <context:property-placeholder location="classpath:*.properties" />

    <context:component-scan base-package="com.example.demo" />

</beans>